step,phase,phase_name,left_tcp_x,left_tcp_y,left_tcp_z,right_tcp_x,right_tcp_y,right_tcp_z,obj_x,obj_y,obj_z,left_grasped,right_grasped,pred_raw_left_dx,pred_raw_left_dy,pred_raw_left_dz,pred_real_left_dx,pred_real_left_dy,pred_real_left_dz,pred_raw_right_dx,pred_raw_right_dy,pred_raw_right_dz,pred_real_right_dx,pred_real_right_dy,pred_real_right_dz,pred_raw_left_gripper,pred_raw_right_gripper
0,0,LEFT_APPROACH_PRE,0.4431147873401642,0.3029959201812744,0.6739183068275452,0.44269227981567383,-0.3036159574985504,0.6764086484909058,0.5500000715255737,0.2000000923871994,0.06999992579221725,0.0,0.0,-0.45695847272872925,-0.050383925437927246,-0.15874120593070984,-0.018790864577862925,-0.002071867743586562,-0.006527692737062765,-0.569614589214325,0.8213090896606445,-1.7776936292648315,-0.005586065022131404,0.008054368804773818,-0.017433388102294018,0.5833278298377991,0.5068836212158203
1,0,LEFT_APPROACH_PRE,0.4441726505756378,0.30616700649261475,0.6746108531951904,0.42923420667648315,-0.308398574590683,0.6610144376754761,0.5500000715255737,0.2000000923871994,0.06999992579221725,0.0,0.0,-0.45186924934387207,-0.0647420883178711,-0.15845820307731628,-0.018703032446673335,-0.0026796985637609965,-0.006558642611551698,-0.5694237351417542,0.8260254859924316,-1.762298583984375,-0.0056159779674141135,0.008146729129057464,-0.017380782375005042,0.5836501717567444,0.5068780779838562
2,0,LEFT_APPROACH_PRE,0.445464164018631,0.31016382575035095,0.6760347485542297,0.41494783759117126,-0.31524011492729187,0.646248996257782,0.5500000715255737,0.2000000923871994,0.06999992579221725,0.0,0.0,-0.44802868366241455,-0.08261120319366455,-0.16196638345718384,-0.018532125998077634,-0.003417105382456606,-0.006699529595170187,-0.5663319826126099,0.8381398320198059,-1.7538673877716064,-0.005594332729837469,0.008279301255101812,-0.017325028485839174,0.5839329957962036,0.5069723129272461
3,0,LEFT_APPROACH_PRE,0.445879191160202,0.31284263730049133,0.6779815554618835,0.4017949104309082,-0.32217642664909363,0.6323266625404358,0.5500000715255737,0.2000000923871994,0.06999992579221725,0.0,0.0,-0.4434058964252472,-0.09989388287067413,-0.16730137169361115,-0.018310004214211133,-0.00412501825321196,-0.006908543268029717,-0.5627741813659668,0.849553108215332,-1.7461400032043457,-0.0055672073070512085,0.008404149352240492,-0.017273577407866367,0.5841814875602722,0.5070666074752808
4,0,LEFT_APPROACH_PRE,0.44572916626930237,0.31481969356536865,0.6800668835639954,0.3903171420097351,-0.32836881279945374,0.6187060475349426,0.5500000715255737,0.2000000923871994,0.06999992579221725,0.0,0.0,-0.43647289276123047,-0.11397959291934967,-0.1723535805940628,-0.01807663965968188,-0.004720494820940512,-0.007138068874667014,-0.5593136548995972,0.8585371971130371,-1.7366399765014648,-0.005547668140377204,0.008515578716932502,-0.017225222707412814,0.5843008756637573,0.5072064995765686
5,0,LEFT_APPROACH_PRE,0.4449061155319214,0.31600242853164673,0.6821894645690918,0.38037794828414917,-0.3337540328502655,0.6054415702819824,0.5500000715255737,0.2000000923871994,0.06999992579221725,0.0,0.0,-0.43007001280784607,-0.12213461101055145,-0.17784667015075684,-0.01787670801629198,-0.005076765909495179,-0.007392547490576557,-0.5562801361083984,0.8637255430221558,-1.726871371269226,-0.005536870533104025,0.008596993128866184,-0.017188216133208006,0.5844027400016785,0.5073474645614624
6,0,LEFT_APPROACH_PRE,0.44400766491889954,0.31709837913513184,0.6843217611312866,0.371837317943573,-0.33832892775535583,0.5926260352134705,0.5500000715255737,0.2000000923871994,0.06999992579221725,0.0,0.0,-0.4249609112739563,-0.12710003554821014,-0.18389463424682617,-0.01770042794942319,-0.005293957542697161,-0.007659560297001274,-0.5532141923904419,0.8667552471160889,-1.7170275449752808,-0.005528346502619287,0.008661605947447009,-0.01715849548643842,0.5844728350639343,0.5075315237045288
7,0,LEFT_APPROACH_PRE,0.4429057538509369,0.31794190406799316,0.6864321827888489,0.36456555128097534,-0.34210190176963806,0.5803331732749939,0.5500000715255737,0.2000000923871994,0.06999992579221725,0.0,0.0,-0.42076992988586426,-0.1305934637784958,-0.1896839141845703,-0.017544192904498095,-0.005445153652538815,-0.007908956759902159,-0.5503424406051636,0.8681564927101135,-1.7057421207427979,-0.005526874470939378,0.008718557033442018,-0.017130102797038242,0.5844762921333313,0.5077106952667236
8,0,LEFT_APPROACH_PRE,0.4417082369327545,0.31862202286720276,0.6884987354278564,0.3584460914134979,-0.34509190917015076,0.568619430065155,0.5500000715255737,0.2000000923871994,0.06999992579221725,0.0,0.0,-0.41767555475234985,-0.132900670170784,-0.19317863881587982,-0.017439767545640167,-0.0055491799030769765,-0.00806604676141433,-0.547892153263092,0.8712199330329895,-1.6976120471954346,-0.005519713467936588,0.008777063824069458,-0.01710251191667735,0.5844686031341553,0.5078343749046326
9,0,LEFT_APPROACH_PRE,0.4405309557914734,0.31934982538223267,0.6905416250228882,0.35337236523628235,-0.34732282161712646,0.5575270056724548,0.5500000715255737,0.2000000923871994,0.06999992579221725,0.0,0.0,-0.4150509238243103,-0.1346035599708557,-0.1961272805929184,-0.01735220583016279,-0.005627426766252977,-0.008199574429086184,-0.545852541923523,0.8734754920005798,-1.6895767450332642,-0.0055170517742385555,0.008828409035000637,-0.017076924009642086,0.58437579870224,0.5079222917556763
10,0,LEFT_APPROACH_PRE,0.4395247995853424,0.3201918303966522,0.6925744414329529,0.34924888610839844,-0.348823219537735,0.5470868945121765,0.5500000715255737,0.2000000923871994,0.06999992579221725,0.0,0.0,-0.4124598205089569,-0.13605518639087677,-0.19872307777404785,-0.01727130777098494,-0.005697163411204377,-0.008321313414717018,-0.5440627932548523,0.8748255372047424,-1.6814619302749634,-0.0055179816228125966,0.008872636205434681,-0.01705368598210698,0.5842723250389099,0.5080132484436035
11,0,LEFT_APPROACH_PRE,0.43843889236450195,0.32092785835266113,0.6945934295654297,0.3459838032722473,-0.349631667137146,0.5373251438140869,0.5500000715255737,0.2000000923871994,0.06999992579221725,0.0,0.0,-0.4098040759563446,-0.13728457689285278,-0.20082658529281616,-0.017198110214095317,-0.005761375795467297,-0.008428021951041293,-0.5425029993057251,0.875141441822052,-1.672909140586853,-0.005523388713333888,0.008910082282525099,-0.01703239885747302,0.5841403603553772,0.5081096887588501
12,0,LEFT_APPROACH_PRE,0.4372316300868988,0.32151541113853455,0.6966023445129395,0.3434986472129822,-0.34978315234184265,0.5282573699951172,0.5500000715255737,0.2000000923871994,0.06999992579221725,0.0,0.0,-0.4071264863014221,-0.1378384530544281,-0.20348888635635376,-0.017121912721973095,-0.005796866679861255,-0.008557829247948933,-0.5408438444137573,0.8753553628921509,-1.6638480424880981,-0.005529223939921383,0.008949044864674688,-0.01701006403962783,0.5839271545410156,0.5082070231437683
13,0,LEFT_APPROACH_PRE,0.43595653772354126,0.3220154345035553,0.6986005902290344,0.3417178690433502,-0.3493186831474304,0.5198955535888672,0.5500000715255737,0.2000000923871994,0.06999992579221725,0.0,0.0,-0.4033183157444,-0.13762611150741577,-0.2073606550693512,-0.017020338012704618,-0.00580792601225405,-0.008750776500943505,-0.5390514135360718,0.8758795261383057,-1.653615117073059,-0.005536247095440668,0.0089955899581639,-0.0169832072766838,0.5835822820663452,0.5083047151565552
14,0,LEFT_APPROACH_PRE,0.434658020734787,0.3224780261516571,0.7005835771560669,0.34057390689849854,-0.3482779562473297,0.5122474431991577,0.5500000715255737,0.2000000923871994,0.06999992579221725,0.0,0.0,-0.39969080686569214,-0.13624998927116394,-0.21113206446170807,-0.016931888701194577,-0.005771885703274414,-0.008944075158376958,-0.5374077558517456,0.8749938011169434,-1.641694188117981,-0.005550633499190521,0.009037401956297014,-0.016956291859896222,0.5831998586654663,0.5084152817726135
15,0,LEFT_APPROACH_PRE,0.433352530002594,0.32292723655700684,0.7025498747825623,0.3399987518787384,-0.3467106521129608,0.5053170919418335,0.5500000715255737,0.2000000923871994,0.06999992579221725,0.0,0.0,-0.39616769552230835,-0.13409064710140228,-0.21410763263702393,-0.01686311583157941,-0.005707648906156349,-0.009113619940220686,-0.535495400428772,0.8732906579971313,-1.6289221048355103,-0.005565726194562223,0.009076635741015342,-0.016930368441120437,0.5827946066856384,0.5085505843162537
16,0,LEFT_APPROACH_PRE,0.43204596638679504,0.3233739733695984,0.7045007944107056,0.3399311304092407,-0.3446637690067291,0.49910447001457214,0.5500000715255737,0.2000000923871994,0.06999992579221725,0.0,0.0,-0.3923059105873108,-0.13193640112876892,-0.21684511005878448,-0.016791721106354414,-0.0056472237397945805,-0.009281539005957594,-0.5336508750915527,0.871233344078064,-1.616738200187683,-0.0055806498121296465,0.009110915815731029,-0.01690702696138619,0.5823999643325806,0.5086818337440491
17,0,LEFT_APPROACH_PRE,0.4307447373867035,0.32382529973983765,0.7064366340637207,0.34031692147254944,-0.34218019247055054,0.4936063587665558,0.5500000715255737,0.2000000923871994,0.06999992579221725,0.0,0.0,-0.3888533115386963,-0.12961328029632568,-0.2194754034280777,-0.016726770813996348,-0.005575397121829992,-0.009440873109513219,-0.5321418046951294,0.8686147928237915,-1.6054970026016235,-0.005597395225277952,0.009136625333811496,-0.016887606230652986,0.5820131301879883,0.5087994337081909
18,0,LEFT_APPROACH_PRE,0.4294494390487671,0.3242831528186798,0.7083583474159241,0.34110555052757263,-0.33930402994155884,0.4888148605823517,0.5500000715255737,0.2000000923871994,0.06999992579221725,0.0,0.0,-0.3858253061771393,-0.12716111540794373,-0.22207489609718323,-0.016667121709458457,-0.005493185007003227,-0.009593329578458855,-0.5309652090072632,0.8654411435127258,-1.5952171087265015,-0.005615905247582951,0.009153585539840563,-0.0168722695573237,0.5816291570663452,0.5089021921157837
19,0,LEFT_APPROACH_PRE,0.4281596541404724,0.32474949955940247,0.7102662324905396,0.3420514464378357,-0.3363369107246399,0.48471271991729736,0.5500000715255737,0.2000000923871994,0.06999992579221725,0.0,0.0,-0.3830491006374359,-0.12493441998958588,-0.2245565950870514,-0.016608811125347178,-0.005417091911216558,-0.00973665795989445,-0.5300132632255554,0.8622698187828064,-1.5862241983413696,-0.005633555314555163,0.00916513803941761,-0.016860109704158736,0.5812849402427673,0.5089955925941467
20,0,LEFT_APPROACH_PRE,0.4268754720687866,0.3252233862876892,0.7121607065200806,0.34292304515838623,-0.33357763290405273,0.48122546076774597,0.5500000715255737,0.2000000923871994,0.06999992579221725,0.0,0.0,-0.3803730607032776,-0.12321223318576813,-0.2269064486026764,-0.016547680410810263,-0.005360202569789279,-0.009871296846540005,-0.5292037725448608,0.8596140742301941,-1.5787113904953003,-0.005648297438824647,0.009174832504506446,-0.016849901618609494,0.5809851884841919,0.509077250957489
21,0,LEFT_APPROACH_PRE,0.4255973696708679,0.3257027268409729,0.7140430212020874,0.34370478987693787,-0.33104318380355835,0.47825926542282104,0.5500000715255737,0.2000000923871994,0.06999992579221725,0.0,0.0,-0.3777472674846649,-0.12200886011123657,-0.22909967601299286,-0.016483659265801337,-0.005324068896313297,-0.009997162977378682,-0.5285166501998901,0.8574950695037842,-1.5725120306015015,-0.005660260704713352,0.009183524576873821,-0.01684114975589946,0.5807244181632996,0.5091477632522583
22,0,LEFT_APPROACH_PRE,0.42432546615600586,0.32618629932403564,0.715914249420166,0.34440144896507263,-0.32872283458709717,0.47573474049568176,0.5500000715255737,0.2000000923871994,0.06999992579221725,0.0,0.0,-0.3752855956554413,-0.12126962840557098,-0.2314106822013855,-0.016414154024370662,-0.005304062778244222,-0.010121386550699494,-0.5278762578964233,0.8554314374923706,-1.5669454336166382,-0.005671063288448892,0.00919004359142805,-0.016833957941199077,0.5805037617683411,0.5092151761054993
23,0,LEFT_APPROACH_PRE,0.4230605661869049,0.3266717791557312,0.7177747488021851,0.34501898288726807,-0.326603502035141,0.47358381748199463,0.5500000715255737,0.2000000923871994,0.06999992579221725,0.0,0.0,-0.3729015588760376,-0.12087740004062653,-0.23371487855911255,-0.016341444384743786,-0.0052971387840000175,-0.01024194884401248,-0.5272941589355469,0.8536945581436157,-1.562258243560791,-0.005679783798814461,0.00919562721928969,-0.01682796767416028,0.5803143382072449,0.5092766284942627
24,0,LEFT_APPROACH_PRE,0.42180299758911133,0.3271577060222626,0.7196245193481445,0.34556370973587036,-0.3246711194515228,0.4717484414577484,0.5500000715255737,0.2000000923871994,0.06999992579221725,0.0,0.0,-0.3704780340194702,-0.1207367554306984,-0.23593935370445251,-0.016266149208956325,-0.0053010486412206435,-0.010359115464912161,-0.5267974734306335,0.8524253964424133,-1.5585051774978638,-0.0056863230090377324,0.00920119474702997,-0.01682271517514685,0.5801483988761902,0.5093289017677307
25,0,LEFT_APPROACH_PRE,0.42055296897888184,0.3276430666446686,0.7214644551277161,0.34604308009147644,-0.3229118585586548,0.4701809585094452,0.5500000715255737,0.2000000923871994,0.06999992579221725,0.0,0.0,-0.36804211139678955,-0.1208285391330719,-0.2381134033203125,-0.016188331853680894,-0.00531464315715992,-0.010473417775833913,-0.526368260383606,0.8515490889549255,-1.5555641651153564,-0.00569090063022253,0.009206636516167,-0.016818189381622304,0.5800032019615173,0.5093738436698914
26,0,LEFT_APPROACH_PRE,0.4193107783794403,0.3281267583370209,0.7232942581176758,0.34646350145339966,-0.32131245732307434,0.46883976459503174,0.5500000715255737,0.2000000923871994,0.06999992579221725,0.0,0.0,-0.365627646446228,-0.12113481760025024,-0.24024568498134613,-0.01610853882001311,-0.005336863693801153,-0.010584557761093176,-0.5259793996810913,0.8510122299194336,-1.553320288658142,-0.005693604850885225,0.00921200975431686,-0.016814331389869396,0.5798767805099487,0.5094138383865356
27,0,LEFT_APPROACH_PRE,0.41807684302330017,0.32860779762268066,0.7251145243644714,0.34683138132095337,-0.31985849142074585,0.467690646648407,0.5500000715255737,0.2000000923871994,0.06999992579221725,0.0,0.0,-0.3632309138774872,-0.12162890285253525,-0.2423418015241623,-0.016026892759080223,-0.005366650546378474,-0.010692884101214108,-0.5256239771842957,0.8507769107818604,-1.551680088043213,-0.005694653255166166,0.009217386791138357,-0.01681102926789355,0.5797666907310486,0.5094494819641113
28,0,LEFT_APPROACH_PRE,0.41685137152671814,0.32908543944358826,0.726925790309906,0.3471521735191345,-0.31853795051574707,0.4667048454284668,0.5500000715255737,0.2000000923871994,0.06999992579221725,0.0,0.0,-0.3608510196208954,-0.12222830206155777,-0.24445754289627075,-0.015943126342334867,-0.005400293075030689,-0.010800627626954076,-0.525201678276062,0.8506428003311157,-1.550291895866394,-0.005694238576443642,0.009222672449027202,-0.016808270581249448,0.5796675682067871,0.5094894766807556
29,0,LEFT_APPROACH_PRE,0.4156345725059509,0.3295591473579407,0.7287276983261108,0.3474319279193878,-0.31733858585357666,0.46585673093795776,0.5500000715255737,0.2000000923871994,0.06999992579221725,0.0,0.0,-0.35848361253738403,-0.12297341227531433,-0.2465434968471527,-0.015857735250324585,-0.005439801838884863,-0.010905997830747902,-0.5248055458068848,0.8507530689239502,-1.54936683177948,-0.005692533674874861,0.009228066533494296,-0.01680588731408783,0.5795807242393494,0.5095260739326477
30,0,LEFT_APPROACH_PRE,0.4144267439842224,0.3300284445285797,0.7305205464363098,0.34767550230026245,-0.3162499964237213,0.46512606739997864,0.5500000715255737,0.2000000923871994,0.06999992579221725,0.0,0.0,-0.3561268448829651,-0.12384899705648422,-0.24860066175460815,-0.015770829930973285,-0.005484566799060906,-0.011009107607565473,-0.5244354605674744,0.8510887026786804,-1.5488578081130981,-0.0056896861305641925,0.009233600607920235,-0.016803811816045806,0.579504668712616,0.5095592141151428
31,0,LEFT_APPROACH_PRE,0.4132278263568878,0.33049285411834717,0.7323052287101746,0.347887247800827,-0.3152619004249573,0.46449556946754456,0.5500000715255737,0.2000000923871994,0.06999992579221725,0.0,0.0,-0.353779137134552,-0.12483896315097809,-0.2506328225135803,-0.015682476764695016,-0.005533916315136559,-0.01111016168837638,-0.5240875482559204,0.8516249060630798,-1.5487115383148193,-0.005685831995102689,0.009239288654794103,-0.016801989753504186,0.5794379115104675,0.5095892548561096
32,0,LEFT_APPROACH_PRE,0.4120385944843292,0.3309517204761505,0.7340810894966125,0.34807103872299194,-0.3143640160560608,0.4639502465724945,0.5500000715255737,0.2000000923871994,0.06999992579221725,0.0,0.0,-0.3514411449432373,-0.12592671811580658,-0.2526416480541229,-0.015592824451833744,-0.00558714663216928,-0.011209264834275938,-0.5237582921981812,0.852335512638092,-1.548876404762268,-0.0056811094537263865,0.009245125873372865,-0.016800376274365772,0.5793790817260742,0.5096167922019958
33,0,LEFT_APPROACH_PRE,0.4108584225177765,0.33140459656715393,0.7358490824699402,0.3482305407524109,-0.31354856491088867,0.46347740292549133,0.5500000715255737,0.2000000923871994,0.06999992579221725,0.0,0.0,-0.34911128878593445,-0.12710052728652954,-0.2546301484107971,-0.01550191112156304,-0.005643762149174483,-0.011306577748492492,-0.5234450101852417,0.8532021045684814,-1.5493134260177612,-0.0056756217244824944,0.009251119613021748,-0.016798931631093292,0.5793272256851196,0.5096420049667358
34,0,LEFT_APPROACH_PRE,0.40968823432922363,0.3318510055541992,0.7376086115837097,0.3483690321445465,-0.31280821561813354,0.4630664885044098,0.5500000715255737,0.2000000923871994,0.06999992579221725,0.0,0.0,-0.34679046273231506,-0.12834814190864563,-0.2565993666648865,-0.015409861816880142,-0.005703233923108842,-0.011402161268941955,-0.5231454372406006,0.8542061448097229,-1.549986720085144,-0.005669468534469775,0.009257262923851428,-0.016797625120693188,0.5792812705039978,0.5096651911735535
35,0,LEFT_APPROACH_PRE,0.40852802991867065,0.3322907090187073,0.7393602728843689,0.3484891951084137,-0.3121347427368164,0.46270936727523804,0.5500000715255737,0.2000000923871994,0.06999992579221725,0.0,0.0,-0.3444788455963135,-0.12965933978557587,-0.2585509717464447,-0.01531675950539248,-0.005765117221308077,-0.011496099411476316,-0.5228578448295593,0.8553302884101868,-1.5508652925491333,-0.005662740594748478,0.009263538061052085,-0.01679643508450609,0.5792405009269714,0.5096865892410278
36,0,LEFT_APPROACH_PRE,0.40737757086753845,0.33272358775138855,0.7411043047904968,0.348593145608902,-0.31152278184890747,0.4623977839946747,0.5500000715255737,0.2000000923871994,0.06999992579221725,0.0,0.0,-0.34217560291290283,-0.13102611899375916,-0.2604866027832031,-0.015222648920960405,-0.005829067274050138,-0.011588482840466253,-0.5225805044174194,0.8565616011619568,-1.5519224405288696,-0.005655511098789614,0.009269947120528234,-0.016795334905683714,0.5792041420936584,0.509706437587738
37,0,LEFT_APPROACH_PRE,0.4062374532222748,0.33314913511276245,0.7428404688835144,0.3486834764480591,-0.31096598505973816,0.4621255397796631,0.5500000715255737,0.2000000923871994,0.06999992579221725,0.0,0.0,-0.3398820459842682,-0.13243946433067322,-0.2624068856239319,-0.015127646138871482,-0.0058946842732282775,-0.01167934157459409,-0.5223121643066406,0.8578857779502869,-1.5531336069107056,-0.005647854132473863,0.009276471174319692,-0.016794309341271338,0.5791716575622559,0.5097249150276184
38,0,LEFT_APPROACH_PRE,0.40510764718055725,0.33356738090515137,0.7445696592330933,0.348761647939682,-0.3104594349861145,0.46188637614250183,0.5500000715255737,0.2000000923871994,0.06999992579221725,0.0,0.0,-0.33759719133377075,-0.1338931918144226,-0.2643136978149414,-0.015031773729047378,-0.0059616970012777715,-0.011768770004706384,-0.5220513343811035,0.8592925071716309,-1.554477572441101,-0.005639826819986884,0.009283111849346427,-0.016793337602545855,0.5791422724723816,0.5097421407699585
39,0,LEFT_APPROACH_PRE,0.40398815274238586,0.33397766947746277,0.7462911009788513,0.3488292396068573,-0.3099985122680664,0.4616761803627014,0.5500000715255737,0.2000000923871994,0.06999992579221725,0.0,0.0,-0.33539336919784546,-0.13527753949165344,-0.26597678661346436,-0.014942114346063351,-0.006026751418409888,-0.01184953527400388,-0.5217863321304321,0.8608107566833496,-1.5560405254364014,-0.00563105514171213,0.009289765827463648,-0.016792601610884663,0.5791144371032715,0.5097599625587463
40,0,LEFT_APPROACH_PRE,0.4028788208961487,0.3343806266784668,0.7480061054229736,0.3488878309726715,-0.30957847833633423,0.46149131655693054,0.5500000715255737,0.2000000923871994,0.06999992579221725,0.0,0.0,-0.33334630727767944,-0.13664576411247253,-0.2674922049045563,-0.014857864738821556,-0.006090555785352713,-0.011922624947065544,-0.5215185880661011,0.8625671863555908,-1.5580341815948486,-0.005620841835976736,0.00929660771131274,-0.016792236959884,0.5790941715240479,0.5097759962081909
41,0,LEFT_APPROACH_PRE,0.40177884697914124,0.3347760736942291,0.7497146725654602,0.3489384949207306,-0.3091956675052643,0.46132779121398926,0.5500000715255737,0.2000000923871994,0.06999992579221725,0.0,0.0,-0.3313335180282593,-0.13802814483642578,-0.26897332072257996,-0.014774154088701641,-0.00615467186213577,-0.011993514298683885,-0.5212497711181641,0.864428699016571,-1.560151219367981,-0.00561018195465792,0.009303797444184999,-0.016791819780869712,0.5790762901306152,0.5097906589508057
42,0,LEFT_APPROACH_PRE,0.40068867802619934,0.33516401052474976,0.7514175176620483,0.34898239374160767,-0.30884724855422974,0.4611828029155731,0.5500000715255737,0.2000000923871994,0.06999992579221725,0.0,0.0,-0.32932227849960327,-0.13942894339561462,-0.27043667435646057,-0.014689976994897685,-0.006219463743042631,-0.012063285068270375,-0.5209795832633972,0.8663271069526672,-1.5623618364334106,-0.005599247507525296,0.009310882902399387,-0.016791542124750737,0.5790605545043945,0.5098050236701965
43,0,LEFT_APPROACH_PRE,0.39960792660713196,0.3355444073677063,0.7531147003173828,0.34902042150497437,-0.3085293769836426,0.46105483174324036,0.5500000715255737,0.2000000923871994,0.06999992579221725,0.0,0.0,-0.32720544934272766,-0.1410088986158371,-0.27193859219551086,-0.014600349191714266,-0.006292007553865067,-0.012134267362396197,-0.5207350850105286,0.8683148622512817,-1.5646377801895142,-0.005588306839552891,0.00931838476661536,-0.01679102534118501,0.5790478587150574,0.5098170638084412
44,0,LEFT_APPROACH_PRE,0.39853742718696594,0.3359166085720062,0.7548061609268188,0.349053293466568,-0.30823928117752075,0.46094056963920593,0.5500000715255737,0.2000000923871994,0.06999992579221725,0.0,0.0,-0.3250761032104492,-0.14266899228096008,-0.27359452843666077,-0.014505863199863998,-0.006366315039620964,-0.012208602116668694,-0.5204962491989136,0.8704766035079956,-1.567148208618164,-0.005576621554117926,0.00932632770543351,-0.016790500396742517,0.5790351033210754,0.5098289251327515
45,0,LEFT_APPROACH_PRE,0.3974775969982147,0.3362799286842346,0.7564915418624878,0.349081814289093,-0.30797430872917175,0.4608394503593445,0.5500000715255737,0.2000000923871994,0.06999992579221725,0.0,0.0,-0.32295507192611694,-0.14435727894306183,-0.27536988258361816,-0.01440817946657088,-0.0064402939081052634,-0.012285234179139912,-0.5202561020851135,0.8727716207504272,-1.569849967956543,-0.0055642955508391715,0.009334555090803717,-0.01679001775697875,0.5790214538574219,0.5098406672477722
46,0,LEFT_APPROACH_PRE,0.39642858505249023,0.33663466572761536,0.7581707835197449,0.34910643100738525,-0.3077327609062195,0.46074825525283813,0.5500000715255737,0.2000000923871994,0.06999992579221725,0.0,0.0,-0.32073625922203064,-0.14612585306167603,-0.2772201895713806,-0.014305347980168364,-0.006517445773099055,-0.012364461968116774,-0.5200121998786926,0.875149130821228,-1.5726120471954346,-0.005551708288025071,0.009343189802030695,-0.01678938174585066,0.5790054202079773,0.5098502039909363
47,0,LEFT_APPROACH_PRE,0.39539089798927307,0.3369808495044708,0.7598438858985901,0.3491274416446686,-0.3075120151042938,0.4606669843196869,0.5500000715255737,0.2000000923871994,0.06999992579221725,0.0,0.0,-0.3185388445854187,-0.1480271965265274,-0.27891820669174194,-0.014203848300278743,-0.006600626201538591,-0.012437139028338911,-0.5197681188583374,0.8774338960647583,-1.5752323865890503,-0.005539640354036693,0.009351609000791267,-0.016788680527195936,0.5789917707443237,0.5098624229431152
48,0,LEFT_APPROACH_PRE,0.39436498284339905,0.3373170495033264,0.7615107893943787,0.3491460978984833,-0.3073105216026306,0.4605943262577057,0.5500000715255737,0.2000000923871994,0.06999992579221725,0.0,0.0,-0.3163541257381439,-0.14993177354335785,-0.2806076407432556,-0.014102025122122512,-0.006683464715939636,-0.012508564539778956,-0.5195278525352478,0.8797299861907959,-1.5778709650039673,-0.005527587403514599,0.009360007103435125,-0.016787973210609753,0.5789783596992493,0.5098742246627808
49,0,LEFT_APPROACH_PRE,0.39335063099861145,0.3376440107822418,0.7631723284721375,0.34916213154792786,-0.307125985622406,0.4605292081832886,0.5500000715255737,0.2000000923871994,0.06999992579221725,0.0,0.0,-0.31418120861053467,-0.15183860063552856,-0.28228968381881714,-0.013999874155085409,-0.006765908471046586,-0.012578791921452224,-0.5192907452583313,0.8820352554321289,-1.5805237293243408,-0.005515556269257438,0.009368383949120098,-0.01678725770406006,0.5789651274681091,0.5098856687545776
50,0,LEFT_APPROACH_PRE,0.3923478424549103,0.33796098828315735,0.7648281455039978,0.34917572140693665,-0.3069574236869812,0.4604704976081848,0.5500000715255737,0.2000000923871994,0.06999992579221725,0.0,0.0,-0.3120249807834625,-0.15373559296131134,-0.2839667797088623,-0.013897616664214603,-0.00684739514527765,-0.01264790222839237,-0.5190643072128296,0.8843406438827515,-1.5832151174545288,-0.005503573334859702,0.009376552228643536,-0.016786630062384206,0.5789517164230347,0.5098967552185059
51,0,LEFT_APPROACH_PRE,0.39135679602622986,0.3382684886455536,0.7664782404899597,0.34918782114982605,-0.3068031966686249,0.46041736006736755,0.5500000715255737,0.2000000923871994,0.06999992579221725,0.0,0.0,-0.30988287925720215,-0.15562820434570312,-0.2856369912624359,-0.01379520736773472,-0.006928176723939712,-0.012715841339174444,-0.5188429355621338,0.8866481184959412,-1.585919737815857,-0.005491643545970279,0.009384642410538947,-0.016786016144109857,0.5789381861686707,0.509907603263855
52,0,LEFT_APPROACH_PRE,0.3903776705265045,0.33856627345085144,0.7681230306625366,0.3491978645324707,-0.3066622018814087,0.4603692889213562,0.5500000715255737,0.2000000923871994,0.06999992579221725,0.0,0.0,-0.30775415897369385,-0.15751828253269196,-0.287299782037735,-0.013692650492254366,-0.007008330272620911,-0.012782590867536659,-0.5186240673065186,0.8889572024345398,-1.5886250734329224,-0.005479772948668375,0.009392706466022274,-0.01678538512141398,0.5789244174957275,0.5099180340766907
53,0,LEFT_APPROACH_PRE,0.38940998911857605,0.33885467052459717,0.7697626352310181,0.3492065668106079,-0.3065328299999237,0.4603264033794403,0.5500000715255737,0.2000000923871994,0.06999992579221725,0.0,0.0,-0.3056466579437256,-0.15941733121871948,-0.2889574468135834,-0.013589995806131261,-0.007088187638832026,-0.012847941857980352,-0.5184267163276672,0.891213059425354,-1.591257095336914,-0.0054684003767271365,0.00940057615939972,-0.016784688415074498,0.578911304473877,0.5099276900291443
54,0,LEFT_APPROACH_PRE,0.3884546458721161,0.3391333520412445,0.7713966369628906,0.34921419620513916,-0.3064146339893341,0.4602871239185333,0.5500000715255737,0.2000000923871994,0.06999992579221725,0.0,0.0,-0.3034873902797699,-0.1612551212310791,-0.2905064821243286,-0.01348826763197838,-0.007166861958208021,-0.012911340982257229,-0.5182693004608154,0.8934292793273926,-1.5938652753829956,-0.005457563984703088,0.009408134831449593,-0.01678398028913692,0.578899085521698,0.5099372267723083
55,0,LEFT_APPROACH_PRE,0.38751116394996643,0.3394030034542084,0.7730257511138916,0.34922096133232117,-0.30630671977996826,0.46025148034095764,0.5500000715255737,0.2000000923871994,0.06999992579221725,0.0,0.0,-0.30131739377975464,-0.16300611197948456,-0.2920067310333252,-0.013387551424308135,-0.00724237216852134,-0.01297387807227017,-0.5181574821472168,0.8955837488174438,-1.5964329242706299,-0.005447385960238864,0.009415265643390146,-0.016783288088589487,0.5788713097572327,0.5099420547485352
56,0,LEFT_APPROACH_PRE,0.38657936453819275,0.3396630883216858,0.7746495008468628,0.34922677278518677,-0.30620765686035156,0.460219144821167,0.5500000715255737,0.2000000923871994,0.06999992579221725,0.0,0.0,-0.2991999387741089,-0.16487714648246765,-0.2933506965637207,-0.013289255995379697,-0.007323178662304041,-0.013029456219245665,-0.5180777311325073,0.8974958658218384,-1.5986968278884888,-0.005438604359257847,0.009421607289710188,-0.016782577236585012,0.5788459777832031,0.5099453330039978
57,0,LEFT_APPROACH_PRE,0.3856593072414398,0.33991414308547974,0.7762689590454102,0.3492315113544464,-0.30611684918403625,0.46018972992897034,0.5500000715255737,0.2000000923871994,0.06999992579221725,0.0,0.0,-0.2970961630344391,-0.16674314439296722,-0.2946874797344208,-0.013190923084147987,-0.007403313358313715,-0.01308397873380668,-0.5179997682571411,0.8994026184082031,-1.6009504795074463,-0.005429895782877062,0.009427924072697621,-0.016781849703371276,0.5788203477859497,0.5099483728408813
58,0,LEFT_APPROACH_PRE,0.38475072383880615,0.34015515446662903,0.777884304523468,0.3492356836795807,-0.306034117937088,0.4601624011993408,0.5500000715255737,0.2000000923871994,0.06999992579221725,0.0,0.0,-0.29498985409736633,-0.16850145161151886,-0.29607662558555603,-0.013092146384259866,-0.007478378119845922,-0.013140379132647624,-0.5179491639137268,0.9012668132781982,-1.603172779083252,-0.005421607802145237,0.009433966742530648,-0.016781133464118077,0.5787916779518127,0.5099458694458008
59,0,LEFT_APPROACH_PRE,0.3838539719581604,0.3403867185115814,0.7794947624206543,0.3492392599582672,-0.3059580326080322,0.4601379930973053,0.5500000715255737,0.2000000923871994,0.06999992579221725,0.0,0.0,-0.2928932309150696,-0.17021706700325012,-0.29747873544692993,-0.012993312823303266,-0.007551159828885647,-0.013196734714102827,-0.5179094076156616,0.9031100273132324,-1.6053755283355713,-0.005413521555038092,0.009439885677958827,-0.016780415452550802,0.578761875629425,0.5099413990974426
60,0,LEFT_APPROACH_PRE,0.38296905159950256,0.3406095802783966,0.7811008095741272,0.3492421805858612,-0.30588871240615845,0.4601150155067444,0.5500000715255737,0.2000000923871994,0.06999992579221725,0.0,0.0,-0.2908572554588318,-0.1718357503414154,-0.298859179019928,-0.012897017627400127,-0.0076194375748843595,-0.013251834113094338,-0.5178855657577515,0.904945433139801,-1.6076217889785767,-0.005405518194734912,0.009445521033053128,-0.016779824357261334,0.5787316560745239,0.509935736656189
61,0,LEFT_APPROACH_PRE,0.38209572434425354,0.34082382917404175,0.7827024459838867,0.3492448925971985,-0.3058249354362488,0.46009495854377747,0.5500000715255737,0.2000000923871994,0.06999992579221725,0.0,0.0,-0.28909480571746826,-0.17300260066986084,-0.3001258373260498,-0.012814492843147118,-0.007668559048052846,-0.013303457268674868,-0.5179462432861328,0.9067678451538086,-1.6100119352340698,-0.005398030878103888,0.00945032595729811,-0.01677952925262966,0.5786981582641602,0.5099235773086548
62,0,LEFT_APPROACH_PRE,0.3812328279018402,0.3410313129425049,0.7842996716499329,0.3492472767829895,-0.305766761302948,0.46007585525512695,0.5500000715255737,0.2000000923871994,0.06999992579221725,0.0,0.0,-0.28734391927719116,-0.17416498064994812,-0.30138611793518066,-0.012732119883230504,-0.007717196238826693,-0.01335432534763496,-0.5180076956748962,0.9085836410522461,-1.6123881340026855,-0.005390614029462384,0.009455117681244156,-0.01677921422532019,0.5786644220352173,0.5099114179611206
63,0,LEFT_APPROACH_PRE,0.3803797960281372,0.3412324786186218,0.7858926653862,0.34924933314323425,-0.3057132065296173,0.46005892753601074,0.5500000715255737,0.2000000923871994,0.06999992579221725,0.0,0.0,-0.2856047749519348,-0.17532292008399963,-0.3026399314403534,-0.012649919466622073,-0.007765349231604605,-0.013404435415159928,-0.5180701017379761,0.9103929996490479,-1.6147531270980835,-0.005383262241133598,0.009459886303343924,-0.0167788866964108,0.5786305069923401,0.5098991394042969
64,0,LEFT_APPROACH_PRE,0.37953707575798035,0.3414277732372284,0.787481427192688,0.3492506146430969,-0.3056640625,0.4600425958633423,0.5500000715255737,0.2000000923871994,0.06999992579221725,0.0,0.0,-0.2838907241821289,-0.17649778723716736,-0.30388110876083374,-0.012568146952855219,-0.007813746409788946,-0.013453142726327796,-0.5181291699409485,0.9121888875961304,-1.6170985698699951,-0.005375962604277651,0.009464615451612821,-0.016778560141755314,0.5785965323448181,0.509887158870697
65,0,LEFT_APPROACH_PRE,0.3787044882774353,0.34161654114723206,0.789065957069397,0.34925198554992676,-0.30561894178390503,0.4600274860858917,0.5500000715255737,0.2000000923871994,0.06999992579221725,0.0,0.0,-0.2823014259338379,-0.17768219113349915,-0.30513715744018555,-0.012489082089351938,-0.007860702309744168,-0.01349934027139887,-0.5181488394737244,0.9139994382858276,-1.6197470426559448,-0.005367578418723866,0.009468251756872902,-0.016779192787119503,0.5785849690437317,0.5098721385002136
66,0,LEFT_APPROACH_PRE,0.3778817057609558,0.3417991101741791,0.7906467914581299,0.3492529094219208,-0.30557799339294434,0.46001383662223816,0.5500000715255737,0.2000000923871994,0.06999992579221725,0.0,0.0,-0.28072822093963623,-0.17884781956672668,-0.3064141869544983,-0.012410050777004172,-0.007906260776884309,-0.01354554097258869,-0.5181592702865601,0.9158275127410889,-1.6225463151931763,-0.0053587575552158815,0.009471407508470807,-0.016780231144799512,0.5785777568817139,0.509856641292572
67,0,LEFT_APPROACH_PRE,0.37706896662712097,0.34197530150413513,0.7922235727310181,0.3492538630962372,-0.3055397570133209,0.46000227332115173,0.5500000715255737,0.2000000923871994,0.06999992579221725,0.0,0.0,-0.27914297580718994,-0.1799646019935608,-0.30770963430404663,-0.012330676090481827,-0.007949636592209463,-0.01359256065660272,-0.5181863903999329,0.917625904083252,-1.6252936124801636,-0.005350284079556615,0.009474504457394574,-0.016781186655146097,0.578565776348114,0.5098409056663513
68,0,LEFT_APPROACH_PRE,0.37626615166664124,0.34214556217193604,0.7937961220741272,0.34925469756126404,-0.30550479888916016,0.45999085903167725,0.5500000715255737,0.2000000923871994,0.06999992579221725,0.0,0.0,-0.27756866812705994,-0.1810753494501114,-0.308999240398407,-0.012251577855290508,-0.007992468157272175,-0.013638888987404568,-0.5182137489318848,0.9194148778915405,-1.6280215978622437,-0.005341896333110528,0.009477592933300683,-0.016782114758186743,0.5785534977912903,0.5098251104354858
69,0,LEFT_APPROACH_PRE,0.3754732012748718,0.3423102796077728,0.7953649759292603,0.34925538301467896,-0.30547335743904114,0.4599800705909729,0.5500000715255737,0.2000000923871994,0.06999992579221725,0.0,0.0,-0.2760046124458313,-0.1821810007095337,-0.3102835714817047,-0.012172728516979368,-0.008034792762834763,-0.013684545506161883,-0.5182415246963501,0.9211962223052979,-1.6307333707809448,-0.005333585908158204,0.009480674465086361,-0.016783017399959868,0.5785408616065979,0.5098092555999756
70,0,LEFT_APPROACH_PRE,0.37469032406806946,0.342469185590744,0.7969298958778381,0.34925577044487,-0.30544427037239075,0.4599699079990387,0.5500000715255737,0.2000000923871994,0.06999992579221725,0.0,0.0,-0.2744649350643158,-0.18308982253074646,-0.3113681375980377,-0.012100157190948944,-0.008071761998179607,-0.013727084694102757,-0.5183010101318359,0.9229683876037598,-1.633406400680542,-0.005325704723213941,0.009483788387732825,-0.016783760812697515,0.5785325765609741,0.5097926259040833
71,0,LEFT_APPROACH_PRE,0.3739166259765625,0.3426227867603302,0.7984911799430847,0.3492559790611267,-0.30541738867759705,0.4599609375,0.5500000715255737,0.2000000923871994,0.06999992579221725,0.0,0.0,-0.2729775309562683,-0.183897465467453,-0.31232860684394836,-0.012032210473656067,-0.008105769739820716,-0.013766713770637058,-0.5183662176132202,0.9247620105743408,-1.6360622644424438,-0.005317913723148238,0.00948712400534726,-0.01678434603254817,0.5785273313522339,0.5097752809524536
72,0,LEFT_APPROACH_PRE,0.37315186858177185,0.3427716791629791,0.8000490069389343,0.34925639629364014,-0.30539265275001526,0.4599533677101135,0.5500000715255737,0.2000000923871994,0.06999992579221725,0.0,0.0,-0.271499902009964,-0.18470105528831482,-0.31328505277633667,-0.011964464336965654,-0.008139410631963556,-0.013805853385204249,-0.5184319019317627,0.9265477657318115,-1.6387038230895996,-0.0053101938251125195,0.00949044263273071,-0.016784914065153395,0.5785217881202698,0.5097578763961792
73,0,LEFT_APPROACH_PRE,0.3723960816860199,0.34291571378707886,0.8016034364700317,0.3492562472820282,-0.305370032787323,0.4599449932575226,0.5500000715255737,0.2000000923871994,0.06999992579221725,0.0,0.0,-0.2700313329696655,-0.18549993634223938,-0.3142378330230713,-0.011896907084945403,-0.00817266456694795,-0.013844535228324907,-0.5184970498085022,0.9283244609832764,-1.641325831413269,-0.0053025483682692465,0.009493757693759942,-0.016785456373132637,0.578515887260437,0.5097404718399048
74,0,LEFT_APPROACH_PRE,0.37164878845214844,0.3430546522140503,0.803154468536377,0.3492564558982849,-0.3053494393825531,0.4599387049674988,0.5500000715255737,0.2000000923871994,0.06999992579221725,0.0,0.0,-0.26857298612594604,-0.1862947940826416,-0.31518635153770447,-0.011829583113849726,-0.008205552546690873,-0.013882718420972759,-0.5185630321502686,0.9300932884216309,-1.6439357995986938,-0.005294971229579805,0.009497046448908258,-0.016785987859676332,0.5785098671913147,0.5097230672836304
75,0,LEFT_APPROACH_PRE,0.37091055512428284,0.3431892693042755,0.8047024011611938,0.3492565155029297,-0.30533039569854736,0.45993176102638245,0.5500000715255737,0.2000000923871994,0.06999992579221725,0.0,0.0,-0.26733657717704773,-0.18716394901275635,-0.3160054683685303,-0.011770015772715976,-0.00824025898448244,-0.013912758913266397,-0.5186408758163452,0.9319016933441162,-1.6464855670928955,-0.0052876147225640055,0.009500865326036423,-0.016786145733974883,0.5785049796104431,0.5097031593322754
76,0,LEFT_APPROACH_PRE,0.37018030881881714,0.3433185815811157,0.8062471151351929,0.3492562472820282,-0.3053129017353058,0.4599253237247467,0.5500000715255737,0.2000000923871994,0.06999992579221725,0.0,0.0,-0.26614347100257874,-0.18804077804088593,-0.3168007731437683,-0.011711932887280275,-0.008274938942482957,-0.013941162560633949,-0.518720805644989,0.933708667755127,-1.6490117311477661,-0.005280354749504465,0.009504752739392842,-0.01678623034163388,0.578499972820282,0.5096828937530518
77,0,LEFT_APPROACH_PRE,0.36945801973342896,0.3434428870677948,0.8077896237373352,0.3492564558982849,-0.3052971363067627,0.4599202275276184,0.5500000715255737,0.2000000923871994,0.06999992579221725,0.0,0.0,-0.26495689153671265,-0.18891283869743347,-0.3175939917564392,-0.011654026152682549,-0.008309257970186952,-0.013969248598885906,-0.518801212310791,0.9355077743530273,-1.6515260934829712,-0.005273157101576894,0.009508612059593394,-0.016786307243769973,0.5784947872161865,0.5096626281738281
78,0,LEFT_APPROACH_PRE,0.36874374747276306,0.34356221556663513,0.8093296885490417,0.34925636649131775,-0.3052823543548584,0.4599156379699707,0.5500000715255737,0.2000000923871994,0.06999992579221725,0.0,0.0,-0.2637770473957062,-0.18977944552898407,-0.3183852434158325,-0.011596311554441237,-0.008343188305090692,-0.013997027085711116,-0.5188814401626587,0.9372972249984741,-1.6540240049362183,-0.00526602787591824,0.00951244915084165,-0.016786371304206994,0.5784891843795776,0.5096424221992493
79,0,LEFT_APPROACH_PRE,0.3680374324321747,0.3436766564846039,0.8108672499656677,0.3492564260959625,-0.3052687346935272,0.4599111080169678,0.5500000715255737,0.2000000923871994,0.06999992579221725,0.0,0.0,-0.26260367035865784,-0.19064044952392578,-0.319174587726593,-0.011538786475609302,-0.008376727704020181,-0.014024508534811362,-0.5189615488052368,0.9390771389007568,-1.656505823135376,-0.005258966197308978,0.009516263664455274,-0.016786423097376338,0.5784833431243896,0.5096222758293152
80,0,LEFT_APPROACH_PRE,0.36733877658843994,0.34378570318222046,0.8124022483825684,0.34925609827041626,-0.3052560091018677,0.4599064290523529,0.5500000715255737,0.2000000923871994,0.06999992579221725,0.0,0.0,-0.2614371180534363,-0.19149544835090637,-0.3199618458747864,-0.011481473411565706,-0.008409861289196867,-0.014051690339456595,-0.5190412402153015,0.9408468008041382,-1.6589692831039429,-0.0052519747395690245,0.009520059773242643,-0.016786459520959626,0.5784770846366882,0.5096022486686707
81,0,LEFT_APPROACH_PRE,0.3666478991508484,0.34389033913612366,0.8139355778694153,0.34925583004951477,-0.3052451014518738,0.45990169048309326,0.5500000715255737,0.2000000923871994,0.06999992579221725,0.0,0.0,-0.26027584075927734,-0.19234612584114075,-0.3207477927207947,-0.011424299565038374,-0.0084426574336421,-0.014078597760658972,-0.5191208124160767,0.9426091909408569,-1.6614190340042114,-0.005245041700306843,0.009523841840528331,-0.016786481887478513,0.5784705281257629,0.5095821619033813
82,0,LEFT_APPROACH_PRE,0.3659649193286896,0.3439902365207672,0.815466046333313,0.3492557108402252,-0.3052346706390381,0.4598982334136963,0.5500000715255737,0.2000000923871994,0.06999992579221725,0.0,0.0,-0.259121835231781,-0.19319109618663788,-0.3215314447879791,-0.011367360259759011,-0.008475058797599633,-0.014105194046948828,-0.5192006826400757,0.944361686706543,-1.6638540029525757,-0.0052381762833017,0.009527593386455957,-0.01678649676041479,0.5784636735916138,0.5095621347427368
83,0,LEFT_APPROACH_PRE,0.36528968811035156,0.3440850079059601,0.8169946074485779,0.3492560386657715,-0.3052250146865845,0.45989590883255005,0.5500000715255737,0.2000000923871994,0.06999992579221725,0.0,0.0,-0.2579818367958069,-0.19403359293937683,-0.32231444120407104,-0.011310798026237887,-0.008507090294808771,-0.014131357426858311,-0.519275426864624,0.946150541305542,-1.666260004043579,-0.005231300422228674,0.00953173878477007,-0.016786287607189986,0.5784580111503601,0.5095418691635132
84,0,LEFT_APPROACH_PRE,0.36462220549583435,0.3441748321056366,0.8185206055641174,0.34925562143325806,-0.30521661043167114,0.45989173650741577,0.5500000715255737,0.2000000923871994,0.06999992579221725,0.0,0.0,-0.25686997175216675,-0.19487932324409485,-0.3231000304222107,-0.011254926409712387,-0.008538765457579566,-0.014156839900641833,-0.5193324089050293,0.9480693340301514,-1.6685967445373535,-0.005224267173075754,0.009537181609783311,-0.016785386484866355,0.5784562230110168,0.5095206499099731
85,0,LEFT_APPROACH_PRE,0.3639625608921051,0.3442605435848236,0.8200445771217346,0.3492555022239685,-0.3052082061767578,0.45988959074020386,0.5500000715255737,0.2000000923871994,0.06999992579221725,0.0,0.0,-0.2557648718357086,-0.19571995735168457,-0.32388368248939514,-0.01119928258520106,-0.008570070996117889,-0.014182029216522972,-0.5193900465965271,0.9499785900115967,-1.6709221601486206,-0.0052172962753202975,0.00954257747482732,-0.01678448791927973,0.5784542560577393,0.5094993710517883
86,0,LEFT_APPROACH_PRE,0.36331039667129517,0.3443409204483032,0.8215665221214294,0.3492553234100342,-0.30520033836364746,0.4598865807056427,0.5500000715255737,0.2000000923871994,0.06999992579221725,0.0,0.0,-0.254604697227478,-0.19656531512737274,-0.3246481418609619,-0.011142200348926006,-0.008602237691012208,-0.014207493730131367,-0.519440770149231,0.9519391059875488,-1.6732069253921509,-0.0052103050241612036,0.009548524859143256,-0.016783277229716603,0.5784474015235901,0.5094836950302124
87,0,LEFT_APPROACH_PRE,0.3626665472984314,0.3444165289402008,0.8230856657028198,0.3492549657821655,-0.30519312620162964,0.4598846435546875,0.5500000715255737,0.2000000923871994,0.06999992579221725,0.0,0.0,-0.2534310221672058,-0.1974087357521057,-0.32540449500083923,-0.011084796709589227,-0.00863444295728477,-0.014232837971552803,-0.5194894075393677,0.9539099931716919,-1.6754690408706665,-0.005203349868098756,0.00955462684149506,-0.016781962223468946,0.5784386396408081,0.5094698071479797
88,0,LEFT_APPROACH_PRE,0.3620302379131317,0.34448742866516113,0.8246030807495117,0.3492548167705536,-0.3051871061325073,0.45988190174102783,0.5500000715255737,0.2000000923871994,0.06999992579221725,0.0,0.0,-0.2521904706954956,-0.19820211827754974,-0.32622772455215454,-0.011024657048493756,-0.008664523977725422,-0.014261239819963698,-0.5195088982582092,0.9559669494628906,-1.677692174911499,-0.005196119645761686,0.009561566054897698,-0.01678025015322351,0.5784298777580261,0.5094568133354187
89,0,LEFT_APPROACH_PRE,0.3614021837711334,0.34455356001853943,0.8261176943778992,0.349254846572876,-0.30518168210983276,0.45988062024116516,0.5500000715255737,0.2000000923871994,0.06999992579221725,0.0,0.0,-0.25092655420303345,-0.19897067546844482,-0.32707786560058594,-0.010963519492230876,-0.008693455683911302,-0.014290733662599127,-0.5195164680480957,0.9580538272857666,-1.6798913478851318,-0.005188812638023079,0.009568824306194173,-0.016778373723477482,0.5784210562705994,0.5094441175460815
90,0,LEFT_APPROACH_PRE,0.36078232526779175,0.34461525082588196,0.827629804611206,0.3492546081542969,-0.30517685413360596,0.45987799763679504,0.5500000715255737,0.2000000923871994,0.06999992579221725,0.0,0.0,-0.24966926872730255,-0.1997334063053131,-0.3279262185096741,-0.010902593816058521,-0.008721987337668997,-0.014319929642410403,-0.5195234417915344,0.9601287841796875,-1.6820707321166992,-0.00518157704526698,0.009576047716826297,-0.01677648859115126,0.5784118175506592,0.5094315409660339
91,0,LEFT_APPROACH_PRE,0.36017081141471863,0.3446725606918335,0.8291397094726562,0.349254846572876,-0.3051720857620239,0.45987647771835327,0.5500000715255737,0.2000000923871994,0.06999992579221725,0.0,0.0,-0.24841970205307007,-0.2004905790090561,-0.3287724256515503,-0.010841921337688866,-0.008750123555415547,-0.014348800628356672,-0.5195308923721313,0.9621926546096802,-1.6842361688613892,-0.005174408668248988,0.009583218410372447,-0.0167746063987519,0.5784022808074951,0.5094189047813416
92,0,LEFT_APPROACH_PRE,0.3595675230026245,0.3447255492210388,0.8306466937065125,0.3492547869682312,-0.3051678538322449,0.45987552404403687,0.5500000715255737,0.2000000923871994,0.06999992579221725,0.0,0.0,-0.2471778243780136,-0.20124243199825287,-0.32961612939834595,-0.010781509481904358,-0.00877787962658211,-0.014377339202816393,-0.5195384621620178,0.9642448425292969,-1.6863858699798584,-0.005167308346726093,0.009590339861181282,-0.016772725055783044,0.578392505645752,0.509406328201294
93,0,LEFT_APPROACH_PRE,0.3589721918106079,0.3447739779949188,0.8321512341499329,0.3492545485496521,-0.3051641285419464,0.4598730802536011,0.5500000715255737,0.2000000923871994,0.06999992579221725,0.0,0.0,-0.24594251811504364,-0.2019883096218109,-0.3304581046104431,-0.01072132182466333,-0.008805235015371312,-0.014405592478481291,-0.5195454955101013,0.966284990310669,-1.6885151863098145,-0.00516027998340102,0.009597429170019713,-0.016770833724635323,0.5783823132514954,0.5093938112258911
94,0,LEFT_APPROACH_PRE,0.358385294675827,0.3448183238506317,0.8336532115936279,0.34925442934036255,-0.3051605820655823,0.45987215638160706,0.5500000715255737,0.2000000923871994,0.06999992579221725,0.0,0.0,-0.24471507966518402,-0.20272907614707947,-0.3312976360321045,-0.010661406103774543,-0.00883221832019594,-0.014433514451955011,-0.5195529460906982,0.9683141708374023,-1.6906319856643677,-0.005153313723981827,0.009604462342575884,-0.016768949304361985,0.5783718228340149,0.5093813538551331
95,0,LEFT_APPROACH_PRE,0.35780656337738037,0.344858318567276,0.8351528644561768,0.3492544889450073,-0.3051570653915405,0.45987120270729065,0.5500000715255737,0.2000000923871994,0.06999992579221725,0.0,0.0,-0.24349486827850342,-0.2034640610218048,-0.3321351408958435,-0.010601746636832695,-0.008858808565061965,-0.014461136852128588,-0.5195604562759399,0.9703314304351807,-1.6927318572998047,-0.0051464164702015895,0.009611450592178435,-0.01676706339909737,0.5783610939979553,0.5093688368797302
96,0,LEFT_APPROACH_PRE,0.35723602771759033,0.3448936939239502,0.8366495370864868,0.34925422072410583,-0.3051539361476898,0.4598700702190399,0.5500000715255737,0.2000000923871994,0.06999992579221725,0.0,0.0,-0.24228234589099884,-0.2041931450366974,-0.3329702913761139,-0.010542368777694242,-0.008885003275569018,-0.014488449791065483,-0.5195677876472473,0.9723362922668457,-1.6948133707046509,-0.005139589197361191,0.009618396718870164,-0.01676517424427184,0.5783500075340271,0.5093563795089722
97,0,LEFT_APPROACH_PRE,0.3566737174987793,0.3449253737926483,0.8381441235542297,0.34925389289855957,-0.3051510453224182,0.4598683714866638,0.5500000715255737,0.2000000923871994,0.06999992579221725,0.0,0.0,-0.24107615649700165,-0.2049170285463333,-0.33380383253097534,-0.010483214476813017,-0.008910832126316671,-0.014515484320192035,-0.5195748209953308,0.9743305444717407,-1.6968780755996704,-0.005132824862033007,0.00962530869552597,-0.016763279555371262,0.5783385038375854,0.5093440413475037
98,0,LEFT_APPROACH_PRE,0.35611939430236816,0.34495213627815247,0.8396362066268921,0.34925374388694763,-0.3051481246948242,0.45986729860305786,0.5500000715255737,0.2000000923871994,0.06999992579221725,0.0,0.0,-0.23987796902656555,-0.20563489198684692,-0.3346349596977234,-0.010424361928753456,-0.008936262667013074,-0.01454221055838843,-0.5195820927619934,0.9763121604919434,-1.698926568031311,-0.00512612919513792,0.00963216850461867,-0.016761388050319306,0.5783267617225647,0.5093317031860352
99,0,LEFT_APPROACH_PRE,0.3555733859539032,0.3449752926826477,0.8411258459091187,0.34925347566604614,-0.305144727230072,0.4598666727542877,0.5500000715255737,0.2000000923871994,0.06999992579221725,0.0,0.0,-0.23870792984962463,-0.2063484787940979,-0.33546584844589233,-0.01036640178721429,-0.008961123498107577,-0.014568321098798742,-0.5195901989936829,0.9782848358154297,-1.7009552717208862,-0.005119510317209721,0.00963901805658925,-0.01675947329174547,0.5783146619796753,0.5093196630477905
100,0,LEFT_APPROACH_PRE,0.35503527522087097,0.34499403834342957,0.8426129221916199,0.34925344586372375,-0.30514204502105713,0.45986634492874146,0.5500000715255737,0.2000000923871994,0.06999992579221725,0.0,0.0,-0.2375473976135254,-0.20705686509609222,-0.33629468083381653,-0.010308790052304504,-0.00898559939030213,-0.014594103304229064,-0.5195986032485962,0.9802470207214355,-1.7029684782028198,-0.005112955646786714,0.009645829508601664,-0.0167575552406961,0.578302264213562,0.5093076229095459
101,0,LEFT_APPROACH_PRE,0.3545050621032715,0.3450090289115906,0.8440977931022644,0.3492531478404999,-0.3051397502422333,0.4598660469055176,0.5500000715255737,0.2000000923871994,0.06999992579221725,0.0,0.0,-0.23639284074306488,-0.20775674283504486,-0.33712056279182434,-0.010251465812970989,-0.009009626264031224,-0.014619647166329488,-0.5196065902709961,0.9821981191635132,-1.7049672603607178,-0.00510645668198652,0.00965259533375298,-0.01675564094500134,0.5782894492149353,0.5092957019805908
102,0,LEFT_APPROACH_PRE,0.3539826273918152,0.3450199365615845,0.8455802798271179,0.3492525815963745,-0.3051379919052124,0.4598649740219116,0.5500000715255737,0.2000000923871994,0.06999992579221725,0.0,0.0,-0.2352616786956787,-0.20834462344646454,-0.33791548013687134,-0.010196476049275656,-0.00902986399971757,-0.01464559429736986,-0.5196058750152588,0.9841217994689941,-1.7069810628890991,-0.005099895044316956,0.009659086106308598,-0.01675389883364071,0.5782718658447266,0.5092858672142029
103,0,LEFT_APPROACH_PRE,0.3534682095050812,0.3450268507003784,0.8470601439476013,0.34925246238708496,-0.3051356375217438,0.4598636329174042,0.5500000715255737,0.2000000923871994,0.06999992579221725,0.0,0.0,-0.23413650691509247,-0.20892664790153503,-0.33870837092399597,-0.010141729903023698,-0.009049753327574387,-0.014671308029080817,-0.5196051001548767,0.9860324859619141,-1.7089771032333374,-0.005093401381083102,0.009665531043275463,-0.016752157234895423,0.5782540440559387,0.5092760920524597
104,0,LEFT_APPROACH_PRE,0.35296130180358887,0.34503063559532166,0.8485377430915833,0.3492521345615387,-0.30513447523117065,0.4598618447780609,0.5500000715255737,0.2000000923871994,0.06999992579221725,0.0,0.0,-0.23301567137241364,-0.20950469374656677,-0.33949965238571167,-0.010087151370640991,-0.009069370940737478,-0.01469679856176447,-0.5196040272712708,0.987934947013855,-1.7109596729278564,-0.005086958384201858,0.009671949596215179,-0.016750410305591667,0.5782359838485718,0.5092663764953613
105,0,LEFT_APPROACH_PRE,0.3524620234966278,0.34503069519996643,0.8500126600265503,0.34925249218940735,-0.30513298511505127,0.4598614275455475,0.5500000715255737,0.2000000923871994,0.06999992579221725,0.0,0.0,-0.23189902305603027,-0.21006406843662262,-0.3402954339981079,-0.01003278533548464,-0.009088126709416878,-0.014722403721052752,-0.5195802450180054,0.9897819757461548,-1.7128628492355347,-0.005080554605896297,0.009678276693402774,-0.01674869920747407,0.5782171487808228,0.5092589259147644
106,0,LEFT_APPROACH_PRE,0.35197022557258606,0.3450274169445038,0.8514856696128845,0.3492525517940521,-0.30513182282447815,0.4598614573478699,0.5500000715255737,0.2000000923871994,0.06999992579221725,0.0,0.0,-0.23078608512878418,-0.21061211824417114,-0.3410932421684265,-0.009978585347408614,-0.009106315902560709,-0.014747977662962881,-0.519544243812561,0.9915966987609863,-1.7147176265716553,-0.005074192811218046,0.00968455122042658,-0.016747000775467744,0.5781977772712708,0.509252667427063
107,0,LEFT_APPROACH_PRE,0.3514862656593323,0.345020592212677,0.8529558181762695,0.34925273060798645,-0.30513104796409607,0.45986148715019226,0.5500000715255737,0.2000000923871994,0.06999992579221725,0.0,0.0,-0.22975040972232819,-0.211001455783844,-0.34173673391342163,-0.0099308683909613,-0.009120452451959008,-0.014771431889730955,-0.5194918513298035,0.9935004711151123,-1.7165191173553467,-0.005067698993630091,0.00969170416196715,-0.01674482897335381,0.5781676769256592,0.5092484951019287
108,0,LEFT_APPROACH_PRE,0.3510092794895172,0.34501057863235474,0.8544236421585083,0.34925273060798645,-0.3051304221153259,0.4598614275455475,0.5500000715255737,0.2000000923871994,0.06999992579221725,0.0,0.0,-0.22870707511901855,-0.2113935351371765,-0.34237954020500183,-0.009882838859831614,-0.009134690051384156,-0.014794827938700248,-0.5194383859634399,0.9954495429992676,-1.7183043956756592,-0.005061188747859434,0.009699240876750134,-0.01674243395905507,0.5781355500221252,0.5092431306838989
109,0,LEFT_APPROACH_PRE,0.35053905844688416,0.3449977934360504,0.8558895587921143,0.34925293922424316,-0.3051294982433319,0.45986151695251465,0.5500000715255737,0.2000000923871994,0.06999992579221725,0.0,0.0,-0.22766783833503723,-0.21178224682807922,-0.34302181005477905,-0.00983493809727416,-0.00914870235026627,-0.014818071329596769,-0.5193848013877869,0.9973886013031006,-1.7200769186019897,-0.005054729678830318,0.009706733333095163,-0.016740042887463915,0.5781031847000122,0.5092377662658691
110,0,LEFT_APPROACH_PRE,0.3500756621360779,0.3449823260307312,0.8573529720306396,0.34925323724746704,-0.3051288425922394,0.459861159324646,0.5500000715255737,0.2000000923871994,0.06999992579221725,0.0,0.0,-0.2266281098127365,-0.21216562390327454,-0.3436645567417145,-0.009787020400081474,-0.009162452491234005,-0.014841283503601326,-0.5193353891372681,0.9993081092834473,-1.7218247652053833,-0.005048396390226153,0.00971415304474241,-0.016737649910022415,0.5780705809593201,0.509232759475708
111,0,LEFT_APPROACH_PRE,0.3496190011501312,0.3449641764163971,0.8588147163391113,0.3492533564567566,-0.30512818694114685,0.45986056327819824,0.5500000715255737,0.2000000923871994,0.06999992579221725,0.0,0.0,-0.22556793689727783,-0.21255043148994446,-0.34431159496307373,-0.009738304329374354,-0.009176307659946915,-0.014864750469432315,-0.5192984938621521,1.0012025833129883,-1.7235450744628906,-0.005042276487849769,0.009721461365827903,-0.01673525131967826,0.5780380368232727,0.5092276334762573
112,0,LEFT_APPROACH_PRE,0.3491691052913666,0.3449433147907257,0.8602741360664368,0.34925368428230286,-0.3051273822784424,0.45985984802246094,0.5500000715255737,0.2000000923871994,0.06999992579221725,0.0,0.0,-0.22444197535514832,-0.21296003460884094,-0.34496957063674927,-0.00968696058425911,-0.00919139772323777,-0.014888955723363207,-0.5192880630493164,1.0030784606933594,-1.7252544164657593,-0.005036454225243992,0.009728624844454642,-0.016732841583929545,0.5780063271522522,0.5092207789421082
113,0,LEFT_APPROACH_PRE,0.348726749420166,0.3449190557003021,0.8617308735847473,0.34925374388694763,-0.30512669682502747,0.45985931158065796,0.5500000715255737,0.2000000923871994,0.06999992579221725,0.0,0.0,-0.2233218550682068,-0.2133655697107315,-0.3456263840198517,-0.009635813244102766,-0.009206222928007973,-0.014912966255061198,-0.5192771553993225,1.0049430131912231,-1.7269490957260132,-0.005030683014574663,0.0097357445720655,-0.01673043651655172,0.5779744386672974,0.5092138648033142
114,0,LEFT_APPROACH_PRE,0.34829145669937134,0.34489166736602783,0.8631855249404907,0.3492536246776581,-0.3051263689994812,0.45985862612724304,0.5500000715255737,0.2000000923871994,0.06999992579221725,0.0,0.0,-0.22220668196678162,-0.21376758813858032,-0.34628236293792725,-0.009584824731688767,-0.009220806716921427,-0.014936795451233312,-0.5192655324935913,1.0067977905273438,-1.7286303043365479,-0.005024956135818352,0.009742827933801237,-0.016728033945608907,0.577942430973053,0.509207010269165
115,0,LEFT_APPROACH_PRE,0.34786370396614075,0.34486138820648193,0.864637553691864,0.3492535948753357,-0.30512621998786926,0.4598577916622162,0.5500000715255737,0.2000000923871994,0.06999992579221725,0.0,0.0,-0.221096932888031,-0.2141658067703247,-0.346937358379364,-0.009534018186949064,-0.00923513804601235,-0.014960438579200134,-0.5192534923553467,1.0086421966552734,-1.7302974462509155,-0.005019277939076349,0.009749872847516135,-0.01672563387222048,0.5779101252555847,0.5092002153396606
116,0,LEFT_APPROACH_PRE,0.34744298458099365,0.344828337430954,0.8660876154899597,0.3492533266544342,-0.30512577295303345,0.45985716581344604,0.5500000715255737,0.2000000923871994,0.06999992579221725,0.0,0.0,-0.21999222040176392,-0.21456044912338257,-0.3475915491580963,-0.009483378118638138,-0.009249226470944527,-0.014983903001158093,-0.5192409157752991,1.0104765892028809,-1.731951355934143,-0.005013644954576668,0.009756879127312925,-0.016723237544340904,0.5778777003288269,0.5091934204101562
117,0,LEFT_APPROACH_PRE,0.3470293879508972,0.3447921574115753,0.8675352334976196,0.34925344586372375,-0.3051255941390991,0.4598565399646759,0.5500000715255737,0.2000000923871994,0.06999992579221725,0.0,0.0,-0.21889276802539825,-0.21495139598846436,-0.3482447862625122,-0.009432917628049703,-0.00926306899348183,-0.015007185540414457,-0.519227921962738,1.012300968170166,-1.73359215259552,-0.005008057759547259,0.00976384648090174,-0.016720845055631043,0.5778450965881348,0.5091866850852966
118,0,LEFT_APPROACH_PRE,0.34662291407585144,0.3447532057762146,0.868980884552002,0.34925341606140137,-0.3051255941390991,0.45985591411590576,0.5500000715255737,0.2000000923871994,0.06999992579221725,0.0,0.0,-0.2177981436252594,-0.21533885598182678,-0.34889721870422363,-0.009382620174341777,-0.009276675461160556,-0.015030293777978406,-0.519214391708374,1.0141159296035767,-1.7352203130722046,-0.005002513356770056,0.009770777860110987,-0.016718455674005966,0.5778123140335083,0.5091800093650818
119,0,LEFT_APPROACH_PRE,0.3462236225605011,0.3447116017341614,0.8704239130020142,0.3492532968521118,-0.30512556433677673,0.45985549688339233,0.5500000715255737,0.2000000923871994,0.06999992579221725,0.0,0.0,-0.21670891344547272,-0.21572282910346985,-0.34954866766929626,-0.009332509631063584,-0.00929004418064685,-0.01505321703516345,-0.5192004442214966,1.0159207582473755,-1.7368354797363281,-0.004997014139034239,0.009777669587152357,-0.01671607092407686,0.5777793526649475,0.5091733336448669
120,0,LEFT_APPROACH_PRE,0.34583139419555664,0.34466686844825745,0.8718646764755249,0.34925323724746704,-0.30512535572052,0.45985543727874756,0.5500000715255737,0.2000000923871994,0.06999992579221725,0.0,0.0,-0.21562519669532776,-0.2161029428243637,-0.3501990735530853,-0.009282596557387713,-0.009303163377224451,-0.015075959416549368,-0.5191860198974609,1.0177149772644043,-1.7384371757507324,-0.004991560833411479,0.009784520432758473,-0.0167136914039743,0.5777462124824524,0.5091666579246521
121,0,LEFT_APPROACH_PRE,0.3454461991786957,0.3446193039417267,0.8733032941818237,0.3492533564567566,-0.30512532591819763,0.4598556160926819,0.5500000715255737,0.2000000923871994,0.06999992579221725,0.0,0.0,-0.21454644203186035,-0.21647965908050537,-0.35084861516952515,-0.009232857433022873,-0.009316052088819487,-0.015098526984440449,-0.5191712975502014,1.019499659538269,-1.7400270700454712,-0.004986150197763644,0.009791331787819355,-0.01671131736357669,0.5777129530906677,0.509160041809082
122,0,LEFT_APPROACH_PRE,0.3450680673122406,0.3445690870285034,0.8747396469116211,0.349253386259079,-0.3051254153251648,0.4598560631275177,0.5500000715255737,0.2000000923871994,0.06999992579221725,0.0,0.0,-0.21347275376319885,-0.21685299277305603,-0.3514972925186157,-0.009183297674435114,-0.009328710803235102,-0.015120919237014639,-0.5191560983657837,1.0212750434875488,-1.7416044473648071,-0.004980781542096251,0.009798108703757037,-0.016708946138499395,0.577679455280304,0.5091534852981567
123,0,LEFT_APPROACH_PRE,0.3446970582008362,0.3445160984992981,0.8761736154556274,0.3492531180381775,-0.3051253855228424,0.45985645055770874,0.5500000715255737,0.2000000923871994,0.06999992579221725,0.0,0.0,-0.2123921513557434,-0.21722449362277985,-0.3521450161933899,-0.009133498653942895,-0.009341303844999335,-0.015143290422290132,-0.5191491842269897,1.0230627059936523,-1.743191123008728,-0.004975464743919522,0.0098049126901155,-0.016706538771427967,0.5776456594467163,0.509146511554718
124,0,LEFT_APPROACH_PRE,0.3443330228328705,0.34446051716804504,0.8776057958602905,0.3492532968521118,-0.3051251173019409,0.459856778383255,0.5500000715255737,0.2000000923871994,0.06999992579221725,0.0,0.0,-0.21127161383628845,-0.21759900450706482,-0.35279226303100586,-0.009082281454572802,-0.00935428743730534,-0.015166063105506139,-0.5191740989685059,1.0249238014221191,-1.7448493242263794,-0.004970216211792755,0.009811916472338296,-0.01670398892324492,0.5776112079620361,0.5091381669044495
125,0,LEFT_APPROACH_PRE,0.34397628903388977,0.3444020748138428,0.8790352940559387,0.34925347566604614,-0.3051251471042633,0.4598569869995117,0.5500000715255737,0.2000000923871994,0.06999992579221725,0.0,0.0,-0.21015623211860657,-0.2179698348045349,-0.35343852639198303,-0.00903124808129478,-0.009367029626071735,-0.015188657415268925,-0.5191986560821533,1.0267751216888428,-1.7464944124221802,-0.004965012394501853,0.009818883669730837,-0.016701442315043814,0.5775766968727112,0.5091298222541809
126,0,LEFT_APPROACH_PRE,0.3436267375946045,0.3443407118320465,0.880462646484375,0.3492535352706909,-0.3051249384880066,0.45985719561576843,0.5500000715255737,0.2000000923871994,0.06999992579221725,0.0,0.0,-0.20905405282974243,-0.21833741664886475,-0.3540846109390259,-0.008980660863576904,-0.009379460795959159,-0.015210964651542758,-0.5192230343818665,1.0286176204681396,-1.748124122619629,-0.0049598580186784634,0.009825830163922787,-0.01669888828707756,0.5775417685508728,0.5091215968132019
127,0,LEFT_APPROACH_PRE,0.3432842791080475,0.3442765176296234,0.8818880319595337,0.34925374388694763,-0.30512458086013794,0.45985719561576843,0.5500000715255737,0.2000000923871994,0.06999992579221725,0.0,0.0,-0.2079770863056183,-0.21870429813861847,-0.3547183871269226,-0.00893109119954842,-0.009391746307758825,-0.015232554325392944,-0.519248902797699,1.030463457107544,-1.7497576475143433,-0.004954715750714211,0.009832767087146537,-0.016696331430573374,0.5775075554847717,0.5091132521629333
128,0,LEFT_APPROACH_PRE,0.342948853969574,0.34420984983444214,0.8833110332489014,0.34925398230552673,-0.3051241934299469,0.45985743403434753,0.5500000715255737,0.2000000923871994,0.06999992579221725,0.0,0.0,-0.20694631338119507,-0.2190762460231781,-0.3553078770637512,-0.008883680336714907,-0.009404387578784834,-0.01525246596269149,-0.5192797183990479,1.0323423147201538,-1.7514448165893555,-0.004949483969987757,0.009839709808040187,-0.01669379283818965,0.5774760246276855,0.5091038346290588
129,0,LEFT_APPROACH_PRE,0.3426204323768616,0.3441401422023773,0.8847320675849915,0.3492542803287506,-0.3051239252090454,0.45985740423202515,0.5500000715255737,0.2000000923871994,0.06999992579221725,0.0,0.0,-0.20592111349105835,-0.2194446623325348,-0.3558967709541321,-0.008836473781907436,-0.00941679545339665,-0.015272219697560362,-0.5193100571632385,1.0342117547988892,-1.7531187534332275,-0.004944295477453136,0.009846619435628744,-0.01669125603187294,0.5774442553520203,0.5090944766998291
130,0,LEFT_APPROACH_PRE,0.3422985374927521,0.34406816959381104,0.8861510753631592,0.3492545187473297,-0.305123507976532,0.4598574936389923,0.5500000715255737,0.2000000923871994,0.06999992579221725,0.0,0.0,-0.20490114390850067,-0.21981000900268555,-0.3564850389957428,-0.008789457838506211,-0.009428989852167549,-0.015291814191679257,-0.5193401575088501,1.0360727310180664,-1.7547805309295654,-0.004939148952343468,0.009853498655882996,-0.016688719898934026,0.5774123668670654,0.5090851187705994
131,0,LEFT_APPROACH_PRE,0.3419834077358246,0.34399327635765076,0.8875681757926941,0.3492547273635864,-0.30512329936027527,0.4598575532436371,0.5500000715255737,0.2000000923871994,0.06999992579221725,0.0,0.0,-0.20388664305210114,-0.2201719880104065,-0.3570726811885834,-0.008742645188730585,-0.009440959657080349,-0.015311251936316224,-0.5193698406219482,1.037924885749817,-1.7564301490783691,-0.004934042984493936,0.009860345365516275,-0.01668618617599324,0.5773802995681763,0.5090758800506592
132,0,LEFT_APPROACH_PRE,0.34167495369911194,0.34391525387763977,0.8889831900596619,0.3492550551891327,-0.30512288212776184,0.45985743403434753,0.5500000715255737,0.2000000923871994,0.06999992579221725,0.0,0.0,-0.2028779238462448,-0.22053015232086182,-0.35765960812568665,-0.008696053682642485,-0.009452689611891624,-0.015330535197762543,-0.5193991661071777,1.0397669076919556,-1.7580658197402954,-0.0049289828839834265,0.00986715733441991,-0.016683654691559694,0.5773479342460632,0.509066641330719
133,0,LEFT_APPROACH_PRE,0.34137317538261414,0.3438352644443512,0.8903963565826416,0.34925514459609985,-0.3051226735115051,0.4598574638366699,0.5500000715255737,0.2000000923871994,0.06999992579221725,0.0,0.0,-0.2018740326166153,-0.2208857387304306,-0.35824599862098694,-0.008649638431780564,-0.009464227518471448,-0.015349662943467929,-0.5194281935691833,1.0416016578674316,-1.7596911191940308,-0.004923958671863764,0.009873941344311918,-0.016681124462303652,0.5773154497146606,0.5090574622154236
134,0,LEFT_APPROACH_PRE,0.3410782217979431,0.3437522053718567,0.8918074369430542,0.34925535321235657,-0.305122435092926,0.45985761284828186,0.5500000715255737,0.2000000923871994,0.06999992579221725,0.0,0.0,-0.20087593793869019,-0.22123762965202332,-0.35883164405822754,-0.008603447609962641,-0.00947553189095472,-0.015368636393842108,-0.5194569230079651,1.043426752090454,-1.7613035440444946,-0.004918977763601389,0.009880690321266664,-0.016678597559040217,0.5772827863693237,0.5090482234954834
135,0,LEFT_APPROACH_PRE,0.340789794921875,0.3436664640903473,0.8932166695594788,0.34925559163093567,-0.30512210726737976,0.4598574638366699,0.5500000715255737,0.2000000923871994,0.06999992579221725,0.0,0.0,-0.19988305866718292,-0.2215861827135086,-0.35941678285598755,-0.008557456080999106,-0.009486617021827754,-0.015387463822961188,-0.5194851756095886,1.0452431440353394,-1.762903094291687,-0.0049140372422483486,0.009887411572365196,-0.016676070591732785,0.5772499442100525,0.5090391039848328
136,0,LEFT_APPROACH_PRE,0.34050795435905457,0.3435783088207245,0.8946236371994019,0.3492557406425476,-0.30512186884880066,0.4598574936389923,0.5500000715255737,0.2000000923871994,0.06999992579221725,0.0,0.0,-0.19890081882476807,-0.2219359427690506,-0.35996657609939575,-0.008512304985701604,-0.009498133005695424,-0.015405392991953136,-0.5195235013961792,1.0470534563064575,-1.764487385749817,-0.00490923217437536,0.00989412125183292,-0.016673506053380197,0.5772173404693604,0.5090294480323792
137,0,LEFT_APPROACH_PRE,0.3402326703071594,0.3434874713420868,0.8960288763046265,0.3492557406425476,-0.3051217496395111,0.4598575830459595,0.5500000715255737,0.2000000923871994,0.06999992579221725,0.0,0.0,-0.19794121384620667,-0.22229260206222534,-0.3603544235229492,-0.008470131735008317,-0.009512155587000371,-0.015419979392992151,-0.5196027755737305,1.048866868019104,-1.76604425907135,-0.0049048489315318055,0.009900896951988309,-0.016670773722444916,0.5771859884262085,0.509017288684845
138,0,LEFT_APPROACH_PRE,0.3399638831615448,0.34339356422424316,0.8974323272705078,0.34925585985183716,-0.3051215410232544,0.4598575830459595,0.5500000715255737,0.2000000923871994,0.06999992579221725,0.0,0.0,-0.19698703289031982,-0.22264565527439117,-0.36074209213256836,-0.008428147719575726,-0.009525959370224699,-0.015434455743363249,-0.5196816921234131,1.050670862197876,-1.7675881385803223,-0.004900506586376916,0.009907640693049991,-0.01666804400925005,0.5771544575691223,0.5090051889419556
139,0,LEFT_APPROACH_PRE,0.33970072865486145,0.3432971239089966,0.8988348245620728,0.3492560088634491,-0.30512142181396484,0.4598575532436371,0.5500000715255737,0.2000000923871994,0.06999992579221725,0.0,0.0,-0.19603702425956726,-0.22299593687057495,-0.3611298203468323,-0.008386299863484568,-0.009539579587063888,-0.015448831538397741,-0.5197601318359375,1.052467942237854,-1.7691220045089722,-0.004896195286022887,0.009914359070352404,-0.01666531595695828,0.5771227478981018,0.5089931488037109
140,0,LEFT_APPROACH_PRE,0.3394439220428467,0.3431971073150635,0.9002349376678467,0.34925609827041626,-0.3051213026046753,0.4598575830459595,0.5500000715255737,0.2000000923871994,0.06999992579221725,0.0,0.0,-0.1950930953025818,-0.22334237396717072,-0.3615171015262604,-0.008344673015676237,-0.009552973048125381,-0.01546308954262488,-0.519838273525238,1.0542545318603516,-1.7706420421600342,-0.004891927853886491,0.009921041547248308,-0.01666259212998213,0.577090859413147,0.5089811086654663
141,0,LEFT_APPROACH_PRE,0.33919328451156616,0.34309473633766174,0.9016339778900146,0.3492562770843506,-0.30512118339538574,0.4598575234413147,0.5500000715255737,0.2000000923871994,0.06999992579221725,0.0,0.0,-0.1941806674003601,-0.22367367148399353,-0.3619145154953003,-0.008304118994771778,-0.009565384694919061,-0.015477242110882635,-0.5199082493782043,1.055983543395996,-1.7720881700515747,-0.004887803207611624,0.009927597334277682,-0.016659897687924266,0.5770591497421265,0.508969783782959
142,0,LEFT_APPROACH_PRE,0.33894839882850647,0.3429894745349884,0.9030316472053528,0.3492562770843506,-0.30512112379074097,0.4598574936389923,0.5500000715255737,0.2000000923871994,0.06999992579221725,0.0,0.0,-0.19330467283725739,-0.2239876389503479,-0.36232349276542664,-0.008264818762169139,-0.009576681275828941,-0.015491286149628905,-0.5199688673019409,1.0576457977294922,-1.7734495401382446,-0.004883841097923849,0.009934006320032742,-0.016657239103878514,0.5770277380943298,0.5089592933654785
143,0,LEFT_APPROACH_PRE,0.3387095332145691,0.3428814113140106,0.9044277667999268,0.34925633668899536,-0.3051210939884186,0.4598575830459595,0.5500000715255737,0.2000000923871994,0.06999992579221725,0.0,0.0,-0.19242116808891296,-0.22429709136486053,-0.36273398995399475,-0.008225248196722898,-0.009587818557605515,-0.015505451538370046,-0.520031213760376,1.059311866760254,-1.7747985124588013,-0.0048799201028469396,0.009940474988814148,-0.016654529017255056,0.5769962668418884,0.5089485049247742
144,0,LEFT_APPROACH_PRE,0.3384764492511749,0.3427707552909851,0.9058223366737366,0.349256306886673,-0.30512097477912903,0.45985740423202515,0.5500000715255737,0.2000000923871994,0.06999992579221725,0.0,0.0,-0.1915166676044464,-0.22460049390792847,-0.3631477653980255,-0.00818491553363064,-0.009598830715063242,-0.01551997443976279,-0.520097553730011,1.0609939098358154,-1.7761319875717163,-0.004876052099111391,0.009947098470462979,-0.01665170705800653,0.5769645571708679,0.5089370608329773
145,0,LEFT_APPROACH_PRE,0.33824944496154785,0.34265726804733276,0.9072154760360718,0.3492564558982849,-0.3051208555698395,0.45985737442970276,0.5500000715255737,0.2000000923871994,0.06999992579221725,0.0,0.0,-0.1906171292066574,-0.22490084171295166,-0.3635613024234772,-0.00814476507166709,-0.009609653276155846,-0.015534392998743755,-0.5201636552810669,1.062667727470398,-1.7774544954299927,-0.0048722184678052635,0.009953692985574455,-0.016648888345799643,0.5769327282905579,0.5089256167411804
146,0,LEFT_APPROACH_PRE,0.33802810311317444,0.34254157543182373,0.9086068272590637,0.3492565155029297,-0.30512088537216187,0.4598572254180908,0.5500000715255737,0.2000000923871994,0.06999992579221725,0.0,0.0,-0.1897067427635193,-0.22519204020500183,-0.3639852702617645,-0.008104140682296306,-0.00962004801605611,-0.01554919869222607,-0.520228922367096,1.0643304586410522,-1.7787705659866333,-0.004868408464786385,0.00996022172431566,-0.016646098108039215,0.576900839805603,0.5089143514633179
147,0,LEFT_APPROACH_PRE,0.3378128409385681,0.3424232006072998,0.909996747970581,0.34925639629364014,-0.30512091517448425,0.45985710620880127,0.5500000715255737,0.2000000923871994,0.06999992579221725,0.0,0.0,-0.18879777193069458,-0.22547897696495056,-0.3644113838672638,-0.008063550954727007,-0.009630204855616735,-0.01556400656769898,-0.5202937126159668,1.0659847259521484,-1.7800766229629517,-0.004864628929854286,0.009966716896456453,-0.016643315164975823,0.5768687725067139,0.5089032053947449
148,0,LEFT_APPROACH_PRE,0.33760347962379456,0.3423023819923401,0.9113847613334656,0.3492564260959625,-0.3051208257675171,0.4598570168018341,0.5500000715255737,0.2000000923871994,0.06999992579221725,0.0,0.0,-0.18789416551589966,-0.22576306760311127,-0.3648369312286377,-0.008023162699006351,-0.009640181310756326,-0.015578695856875107,-0.520358145236969,1.0676307678222656,-1.7813721895217896,-0.004860881404855907,0.009973182113246156,-0.01664053696561361,0.5768365263938904,0.5088920593261719
149,0,LEFT_APPROACH_PRE,0.33740007877349854,0.3421788215637207,0.912771463394165,0.3492564260959625,-0.3051208555698395,0.45985692739486694,0.5500000715255737,0.2000000923871994,0.06999992579221725,0.0,0.0,-0.18699565529823303,-0.22604447603225708,-0.3652620017528534,-0.00798296497581637,-0.009649984285807751,-0.015593270134213433,-0.5204223394393921,1.0692694187164307,-1.782657265663147,-0.004857165851014624,0.009979623303101016,-0.016637760024232246,0.5768040418624878,0.5088809728622437
150,0,LEFT_APPROACH_PRE,0.3372027277946472,0.3420531451702118,0.9141563177108765,0.3492564260959625,-0.3051208555698395,0.4598568379878998,0.5500000715255737,0.2000000923871994,0.06999992579221725,0.0,0.0,-0.1861022412776947,-0.22632324695587158,-0.3656865060329437,-0.007942959783527331,-0.009659617403346516,-0.01560772826192949,-0.5204859972000122,1.070900559425354,-1.783931851387024,-0.004853479647531832,0.009986040157971969,-0.016634985340371222,0.5767714381217957,0.508870005607605
151,0,LEFT_APPROACH_PRE,0.337011456489563,0.3419244885444641,0.9155394434928894,0.3492564558982849,-0.3051207959651947,0.4598565995693207,0.5500000715255737,0.2000000923871994,0.06999992579221725,0.0,0.0,-0.18521440029144287,-0.22659899294376373,-0.3661104738712311,-0.007903168204816322,-0.009669064357083314,-0.015622071782736162,-0.5205494165420532,1.0725228786468506,-1.785194993019104,-0.004849828546731833,0.009992427056085813,-0.016632214662999908,0.5767386555671692,0.5088590383529663
